nis,username,class,major
1686721268326,Juliane,SM,Tata Boga
1686721268283,Melanie,GF,TKJ
1686721268325,Margarette,CM,Tata Boga
1686721268349,Mary,VU,Tata Boga
1686721268302,Ardys,TM,TKJ
1686721268292,Cathyleen,MR,TKJ
1686721268373,Asia,IM,TKJ
1686721268282,Emelina,KY,Tata Boga
1686721268326,Brianna,FJ,TKJ
1686721268327,Karly,SR,Tata Boga
1686721268361,Debee,MG,Tata Boga
1686721268372,Hannis,DZ,Tata Boga
1686721268352,Meriel,AR,Tata Boga
1686721268299,Drucie,MN,TKJ
1686721268295,Imojean,NZ,TKJ
1686721268307,Jeanna,TG,TKJ
1686721268291,Carmencita,TO,TKJ
1686721268361,Jacenta,PR,TKJ
1686721268300,Aubrie,EG,Tata Boga
1686721268376,Annabela,DJ,Tata Boga
1686721268298,Jorry,GL,Tata Boga
1686721268360,Jasmina,AL,Tata Boga
1686721268296,Daryl,LA,Tata Boga
1686721268287,Cherrita,GS,TKJ
1686721268328,Katleen,GU,Tata Boga
1686721268332,Kerrin,SM,Tata Boga
1686721268304,Robinia,GI,TKJ
1686721268286,Karlee,BN,TKJ
1686721268283,Mathilda,PH,TKJ
1686721268286,Cathyleen,KH,Tata Boga
1686721268370,Tybie,BN,Tata Boga
1686721268370,Marcy,LU,Tata Boga
1686721268293,Chandra,SV,Tata Boga
1686721268300,Katleen,MT,Tata Boga
1686721268301,Verla,BT,TKJ
1686721268359,Sharlene,CO,Tata Boga
1686721268341,Sophia,ID,TKJ
1686721268300,Ruthe,SK,TKJ
1686721268305,Evaleen,PR,Tata Boga
1686721268364,Suzette,PM,Tata Boga
1686721268315,Carol-Jean,SR,TKJ
1686721268349,Iseabal,RW,TKJ
1686721268305,Calla,GE,TKJ
1686721268354,Ashlee,ZW,TKJ
1686721268326,Kaia,YE,TKJ
1686721268311,Tamqrah,TN,Tata Boga
1686721268378,Vita,NE,TKJ
1686721268306,Darci,AI,Tata Boga
1686721268342,Albertina,FM,Tata Boga
1686721268298,Philis,GG,Tata Boga
1686721268340,Kenna,SG,Tata Boga
1686721268289,Elka,AN,TKJ
1686721268330,Joelly,NC,Tata Boga
1686721268328,Nita,ES,Tata Boga
1686721268346,Rebeca,KN,TKJ
1686721268298,Susette,EG,TKJ
1686721268348,Sharlene,EC,Tata Boga
1686721268372,Shaylyn,NE,TKJ
1686721268301,Steffane,PS,Tata Boga
1686721268354,Sophia,HU,Tata Boga
1686721268286,Elsie,EG,TKJ
1686721268291,Emylee,GE,Tata Boga
1686721268316,Claresta,AD,Tata Boga
1686721268287,Leanna,ID,Tata Boga
1686721268321,Monika,PY,TKJ
1686721268284,Maisey,MS,Tata Boga
1686721268321,Beverley,CK,Tata Boga
1686721268288,Minda,FM,TKJ
1686721268317,Mathilda,MD,Tata Boga
1686721268307,Sue,LI,TKJ
1686721268306,Julieta,SV,Tata Boga
1686721268337,Celestyna,GH,Tata Boga
1686721268360,Kristina,GR,TKJ
1686721268321,Emilia,PA,Tata Boga
1686721268287,Merry,NO,Tata Boga
1686721268351,Ernesta,EE,TKJ
1686721268293,Etta,MD,Tata Boga
1686721268293,Gianina,AX,TKJ
1686721268302,Marjie,IQ,TKJ
1686721268293,Rochette,CK,TKJ
1686721268360,Talya,SA,Tata Boga
1686721268340,Margalo,AS,TKJ
1686721268335,Angela,CZ,Tata Boga
1686721268348,Tressa,HN,TKJ
1686721268371,Anthia,FK,Tata Boga
1686721268292,Katleen,FM,TKJ
1686721268322,Florie,CK,TKJ
1686721268361,Estell,GT,Tata Boga
1686721268379,Coral,LT,Tata Boga
1686721268336,Vinita,BY,Tata Boga
1686721268301,Pierette,MM,TKJ
1686721268325,Britni,DZ,TKJ
1686721268352,June,ZM,Tata Boga
1686721268308,Dania,MX,Tata Boga
1686721268360,Barbara,VC,Tata Boga
1686721268331,Lilith,PT,TKJ
1686721268337,Tabbatha,QA,Tata Boga
1686721268338,Dari,BN,TKJ
1686721268370,Sidoney,AL,TKJ
1686721268374,Edith,SC,TKJ
1686721268339,Paola,GN,Tata Boga
1686721268328,Keelia,PM,TKJ
1686721268342,Robbi,BY,TKJ
1686721268339,Mariann,GB,Tata Boga
1686721268350,Wanda,VU,Tata Boga
1686721268295,Cam,AO,Tata Boga
1686721268293,Dede,TG,Tata Boga
1686721268343,Leeanne,SE,Tata Boga
1686721268358,Fina,EH,TKJ
1686721268354,Dianemarie,OM,TKJ
1686721268371,Larine,AZ,Tata Boga
1686721268370,Dode,CK,TKJ
1686721268368,Carol-Jean,AN,TKJ
1686721268348,Carlie,GA,TKJ
1686721268281,Tori,SZ,TKJ
1686721268300,Edith,EC,Tata Boga
1686721268356,Meg,MY,TKJ
1686721268378,Reeba,VN,Tata Boga
1686721268310,Sean,TZ,TKJ
1686721268283,Rosene,CY,TKJ
1686721268288,Jacquetta,AS,Tata Boga
1686721268343,Edyth,PM,Tata Boga
1686721268300,Jaclyn,DM,TKJ
1686721268349,Blake,AI,TKJ
1686721268361,Myriam,ZW,TKJ
1686721268306,Jere,KW,Tata Boga
1686721268336,Konstance,SR,Tata Boga
1686721268363,Letizia,KW,TKJ
1686721268305,Benita,LS,TKJ
1686721268294,Hannis,PM,Tata Boga
1686721268322,Violet,BG,TKJ
1686721268340,Ileana,TH,Tata Boga
1686721268336,Kaia,MY,Tata Boga
1686721268355,Lenna,KH,Tata Boga
1686721268375,Wilma,NC,TKJ
1686721268328,Meg,AT,Tata Boga
1686721268371,Eolanda,IO,Tata Boga
1686721268358,Maryellen,KI,TKJ
1686721268319,Robbi,IM,Tata Boga
1686721268315,Almeta,LU,Tata Boga
1686721268351,Benita,ET,TKJ
1686721268317,Lilith,GH,TKJ
1686721268354,Bettine,MV,Tata Boga
1686721268362,Ira,MS,Tata Boga
1686721268331,Selia,UG,Tata Boga
1686721268305,Tonia,MU,Tata Boga
1686721268303,Netty,IE,TKJ
1686721268288,Dennie,GH,TKJ
1686721268282,Babita,BT,Tata Boga
1686721268306,Carol-Jean,DO,TKJ
1686721268298,Molli,NU,Tata Boga
1686721268309,Edee,JE,Tata Boga
1686721268366,Farrah,PG,TKJ
1686721268364,Mariele,SD,TKJ
1686721268328,Kimmy,PL,Tata Boga
1686721268342,Nelle,ID,Tata Boga
1686721268300,Nyssa,UG,Tata Boga
1686721268357,Berta,MD,TKJ
1686721268315,Courtnay,BM,Tata Boga
1686721268377,Tracey,UZ,TKJ
1686721268332,Marcelline,PF,Tata Boga
1686721268302,Carolina,MH,TKJ
1686721268311,Thalia,DJ,Tata Boga
1686721268363,Gavrielle,IM,Tata Boga
1686721268338,Roz,UM,TKJ
1686721268357,Bettine,SY,Tata Boga
1686721268311,Peri,LY,TKJ
1686721268321,Roberta,OM,Tata Boga
1686721268327,Theodora,CC,TKJ
1686721268356,Addia,KP,TKJ
1686721268358,Linzy,VN,Tata Boga
1686721268352,Lesly,KN,TKJ
1686721268328,Sidoney,NU,Tata Boga
1686721268290,Nerta,AT,Tata Boga
1686721268348,Sherrie,RE,Tata Boga
1686721268325,Gale,AQ,TKJ
1686721268291,Mathilda,SB,Tata Boga
1686721268338,Nerta,MC,TKJ
1686721268353,Tarra,HU,TKJ
1686721268302,Netty,MQ,TKJ
1686721268299,Latisha,MV,Tata Boga
1686721268307,Rubie,DO,TKJ
1686721268333,Etta,MA,TKJ
1686721268379,Tina,PN,TKJ
1686721268308,Iseabal,WF,Tata Boga
1686721268303,Rani,GQ,TKJ
1686721268336,Lolita,BM,TKJ
1686721268296,Romona,EC,Tata Boga
1686721268307,Demetris,NR,TKJ
1686721268288,Fredericka,MN,Tata Boga
1686721268368,Oralee,MQ,TKJ
1686721268350,Harrietta,CD,Tata Boga
1686721268325,Gilda,MR,TKJ
1686721268310,Modestia,ZW,Tata Boga
1686721268299,Therine,GR,TKJ
1686721268285,Cissiee,HM,TKJ
1686721268327,Elora,DK,Tata Boga
1686721268363,Pearline,NP,TKJ
1686721268285,Alisha,NR,TKJ
1686721268349,Lindie,PN,Tata Boga
1686721268292,Carolina,KW,TKJ
1686721268344,Rozele,GD,TKJ
1686721268298,Mignon,LY,Tata Boga
1686721268342,Kaja,BY,TKJ
1686721268362,Alyssa,BF,Tata Boga
1686721268379,Angelique,ID,TKJ
1686721268377,Katleen,OM,TKJ
1686721268293,Gretal,LV,Tata Boga
1686721268311,Merle,EG,Tata Boga
1686721268358,Flo,TK,TKJ
1686721268304,Elie,MC,TKJ
1686721268284,Merry,TV,TKJ
1686721268343,Jemie,GG,Tata Boga
1686721268378,Shel,ET,Tata Boga
1686721268345,Zondra,SN,Tata Boga
1686721268326,Genovera,BH,Tata Boga
1686721268333,Paola,FK,Tata Boga
1686721268373,Tilly,MR,Tata Boga
1686721268368,Tilly,AG,Tata Boga
1686721268292,Laure,GW,TKJ
1686721268283,Yolane,IN,TKJ
1686721268357,Addia,MQ,TKJ
1686721268365,Charlena,KZ,TKJ
1686721268297,Lorenza,NP,Tata Boga
1686721268327,Steffane,NC,TKJ
1686721268336,Berta,ES,TKJ
1686721268338,Nananne,TF,Tata Boga
1686721268367,Teriann,MU,TKJ
1686721268289,Wynne,TT,TKJ
1686721268330,Marsiella,IN,TKJ
1686721268378,Genovera,SC,TKJ
1686721268354,Lolita,NO,TKJ
1686721268314,Fanchon,LK,Tata Boga
1686721268373,Gilligan,EH,TKJ
1686721268353,Fanny,FJ,Tata Boga
1686721268313,Elyssa,IS,TKJ
1686721268296,Olwen,JP,TKJ
1686721268290,Christy,PW,TKJ
1686721268295,Ermengarde,NF,Tata Boga
1686721268310,Amii,MX,Tata Boga
1686721268331,Danika,LT,TKJ
1686721268357,Melisent,AM,TKJ
1686721268335,Gabriellia,SA,TKJ
1686721268321,Doralynne,AU,Tata Boga
1686721268292,Blake,DO,TKJ
1686721268368,Georgina,JO,Tata Boga
1686721268362,Lucy,BG,TKJ
1686721268285,Elyssa,LA,Tata Boga
1686721268364,Lucille,MX,TKJ
1686721268336,Merci,GY,TKJ
1686721268366,Willetta,FM,TKJ
1686721268287,Devina,NR,TKJ
1686721268373,Nariko,UM,Tata Boga
1686721268328,Merry,KN,Tata Boga
1686721268292,Alleen,GU,TKJ
1686721268362,Emelina,VA,Tata Boga
1686721268291,Calla,GE,TKJ
1686721268357,Devina,SC,Tata Boga
1686721268299,Sue,SJ,Tata Boga
1686721268302,Ingrid,FO,Tata Boga
1686721268328,Gabi,MS,Tata Boga
1686721268319,Agathe,DK,TKJ
1686721268329,Corly,AO,Tata Boga
1686721268352,Albertina,KE,TKJ
1686721268360,Amara,SV,Tata Boga
1686721268366,Jorry,EG,TKJ
1686721268350,Brandise,UZ,Tata Boga
1686721268351,Dorice,MD,Tata Boga
1686721268284,Camile,HN,TKJ
1686721268354,Ardenia,PN,TKJ
1686721268329,Chandra,KY,TKJ
1686721268344,Shauna,SV,TKJ
1686721268302,Ernesta,TN,Tata Boga
1686721268346,Sharai,LI,TKJ
1686721268292,Wilma,IN,Tata Boga
1686721268331,Jerry,BW,TKJ
1686721268291,Leontine,CZ,Tata Boga
1686721268361,Delilah,DZ,Tata Boga
1686721268320,Rori,AM,Tata Boga
1686721268376,Bobbi,BZ,TKJ
1686721268328,Anestassia,ZW,Tata Boga
1686721268333,Tybie,PN,TKJ
1686721268291,Ardeen,UM,Tata Boga
1686721268308,Harrietta,EG,Tata Boga
1686721268329,Starla,MS,Tata Boga
1686721268295,Minda,GT,TKJ
1686721268301,Tatiania,LV,Tata Boga
1686721268362,Quintina,BN,Tata Boga
1686721268292,Gratia,MS,Tata Boga
1686721268368,Lita,ST,TKJ
1686721268299,Maud,AF,TKJ
1686721268352,Leona,ET,TKJ
1686721268373,Deirdre,FO,Tata Boga
1686721268298,Dania,DO,Tata Boga
1686721268363,Sophia,TL,TKJ
1686721268359,Philis,GW,TKJ
1686721268345,Devina,EC,TKJ
1686721268342,Mara,FK,TKJ
1686721268365,Jan,DJ,Tata Boga
1686721268366,Tatiania,LT,Tata Boga
1686721268324,Rivalee,PL,TKJ
1686721268373,Gavrielle,FM,Tata Boga
1686721268348,Dania,FR,TKJ
1686721268317,Hayley,MC,TKJ
1686721268325,Meghann,AW,Tata Boga
1686721268361,Aeriela,LB,TKJ
1686721268373,Sonni,VA,Tata Boga
1686721268294,Elie,BN,Tata Boga
1686721268358,Ellette,EE,Tata Boga
1686721268368,Kore,TM,Tata Boga
1686721268312,Bettine,LS,TKJ
1686721268335,Cordi,ZW,TKJ
1686721268336,Agathe,SC,Tata Boga
1686721268290,Ana,KH,Tata Boga
1686721268307,Shannah,ET,Tata Boga
1686721268310,Shirlee,RO,TKJ
1686721268334,Sara-Ann,MO,Tata Boga
1686721268317,Kate,HM,TKJ
1686721268348,Katharina,MG,TKJ
1686721268380,Dagmar,SB,Tata Boga
1686721268377,Elbertina,CH,TKJ
1686721268315,Jolyn,SH,TKJ
1686721268329,Babita,NC,TKJ
1686721268293,Siana,BW,Tata Boga
1686721268356,Wilma,LK,TKJ
1686721268356,Tori,IL,TKJ
1686721268356,Kelly,IT,TKJ
1686721268373,Delilah,MY,TKJ
1686721268353,Dagmar,TH,Tata Boga
1686721268322,Celisse,VI,Tata Boga
1686721268368,Ileana,AI,Tata Boga
1686721268297,Margalo,BM,TKJ
1686721268337,Nonnah,NE,TKJ
1686721268347,Imojean,BI,TKJ
1686721268334,Raquela,GR,TKJ
1686721268355,Chastity,BW,Tata Boga
1686721268362,Danny,GS,TKJ
1686721268344,Rosanne,NF,Tata Boga
1686721268338,Gui,TJ,Tata Boga
1686721268338,Tierney,TL,Tata Boga
1686721268371,Mellicent,UG,TKJ
1686721268339,Selia,CH,Tata Boga
1686721268299,Lanae,GR,Tata Boga
1686721268288,Vivia,UM,Tata Boga
1686721268291,Romona,MK,Tata Boga
1686721268347,Audrie,PA,TKJ
1686721268360,Estell,SL,TKJ
1686721268287,Kore,UG,Tata Boga
1686721268302,Lacie,TN,TKJ
1686721268354,Mahalia,RE,Tata Boga
1686721268301,Lolita,IS,TKJ
1686721268321,Rori,CK,Tata Boga
1686721268366,Wileen,QA,TKJ
1686721268372,Ada,TC,Tata Boga
1686721268339,Ericka,ID,Tata Boga
1686721268300,Siana,BN,Tata Boga
1686721268282,Myrtice,PM,TKJ
1686721268292,Belinda,UA,Tata Boga
1686721268354,Elena,PG,TKJ
1686721268294,Deloria,JE,TKJ
1686721268314,Dode,MT,Tata Boga
1686721268356,Nickie,ML,TKJ
1686721268314,Shandie,PS,Tata Boga
1686721268303,Ellette,CN,Tata Boga
1686721268349,Miquela,GL,Tata Boga
1686721268314,Paulita,RW,Tata Boga
1686721268331,Marinna,DJ,TKJ
1686721268354,Riannon,PL,TKJ
1686721268317,Farrah,TK,Tata Boga
1686721268332,Lauryn,DZ,TKJ
1686721268331,Rani,TT,Tata Boga
1686721268309,Talya,GH,Tata Boga
1686721268330,Xylina,GR,TKJ
1686721268368,Sharlene,MT,TKJ
1686721268374,Noelle,KY,Tata Boga
1686721268372,Shandie,TK,Tata Boga
1686721268287,Ulrike,AF,Tata Boga
1686721268287,Chastity,CZ,Tata Boga
1686721268321,Catharine,MH,Tata Boga
1686721268312,Viviene,DE,TKJ
1686721268341,Thalia,MT,TKJ
1686721268289,Nelle,BF,TKJ
1686721268308,Lorenza,FO,Tata Boga
1686721268309,Deedee,GM,TKJ
1686721268328,Xylina,GP,TKJ
1686721268365,Rochette,GM,TKJ
1686721268309,Vivia,TK,TKJ
1686721268287,Bill,LB,TKJ
1686721268334,Deedee,IL,TKJ
1686721268354,Veda,VU,Tata Boga
1686721268306,Mignon,CH,TKJ
1686721268300,Sabina,SI,TKJ
1686721268301,Vonny,JE,Tata Boga
1686721268370,Jere,ML,TKJ
1686721268323,Audrie,SV,Tata Boga
1686721268293,Calla,BT,TKJ
1686721268380,Briney,UY,Tata Boga
1686721268293,Ashlee,VI,TKJ
1686721268310,Jackie,AZ,Tata Boga
1686721268378,Marnia,AG,Tata Boga
1686721268323,Candy,DO,Tata Boga
1686721268354,Lita,NP,TKJ
1686721268340,Katleen,VU,TKJ
1686721268308,Susan,PF,TKJ
1686721268303,Wynne,LY,Tata Boga
1686721268333,Marline,BW,TKJ
1686721268294,Esmeralda,UZ,TKJ
1686721268370,Wendi,NI,TKJ
1686721268377,Heida,KH,Tata Boga
1686721268310,Drucie,SA,Tata Boga
1686721268308,Amara,PL,TKJ
1686721268321,Tina,CA,Tata Boga
1686721268373,Camile,LV,Tata Boga
1686721268360,Deane,QA,TKJ
1686721268354,Kayla,RE,TKJ
1686721268320,Dione,SV,Tata Boga
1686721268299,Trixi,ZA,Tata Boga
1686721268310,Dorene,AN,TKJ
1686721268309,Elyssa,WS,TKJ
1686721268304,Nessie,BH,Tata Boga
1686721268305,Sallie,LY,Tata Boga
1686721268337,Elka,AG,Tata Boga
1686721268366,Shaine,SG,TKJ
1686721268379,Briney,TR,Tata Boga
1686721268379,Sharlene,ID,TKJ
1686721268361,Halette,RW,Tata Boga
1686721268309,Linet,AD,TKJ
1686721268315,Mildrid,ET,TKJ
1686721268317,Nikki,SE,Tata Boga
1686721268335,Beth,FJ,TKJ
1686721268371,Dorothy,BV,Tata Boga
1686721268359,Karina,BF,TKJ
1686721268334,Carmencita,FO,TKJ
1686721268379,Perry,SA,TKJ
1686721268317,Frances,MM,Tata Boga
1686721268377,Hollie,TC,Tata Boga
1686721268303,Jillayne,GN,TKJ
1686721268373,Marleah,KG,Tata Boga
1686721268319,Teriann,SO,TKJ
1686721268370,Christal,LY,TKJ
1686721268351,Tressa,LB,Tata Boga
1686721268354,Maridel,NC,TKJ
1686721268353,Lonnie,CN,TKJ
1686721268338,Rubie,HK,TKJ
1686721268314,Rhea,BY,Tata Boga
1686721268293,Tersina,SD,TKJ
1686721268343,Laurene,BN,Tata Boga
1686721268319,Nollie,FM,TKJ
1686721268316,Andree,RO,Tata Boga
1686721268322,Amelia,SK,Tata Boga
1686721268318,Sheelagh,ZW,TKJ
1686721268324,Corly,ST,Tata Boga
1686721268291,Kylynn,RO,TKJ
1686721268289,Nessie,SI,TKJ
1686721268294,Jany,BG,TKJ
1686721268332,Di,MS,Tata Boga
1686721268349,Wilma,PE,Tata Boga
1686721268297,Beatriz,NR,Tata Boga
1686721268346,Shauna,TM,Tata Boga
1686721268351,Vere,PM,Tata Boga
1686721268316,Genovera,CO,TKJ
1686721268288,Teddie,NR,TKJ
1686721268317,Orelia,WS,TKJ
1686721268360,Paulita,GS,TKJ
1686721268327,Melisent,KP,TKJ
1686721268325,Kara-Lynn,PT,Tata Boga
1686721268368,Binny,GM,TKJ
1686721268298,Dari,VA,TKJ
1686721268339,Myrtice,FO,TKJ
1686721268378,Alejandra,MC,Tata Boga
1686721268319,Fanny,GD,Tata Boga
1686721268293,Doralynne,HR,TKJ
1686721268302,Alex,SR,TKJ
1686721268381,Ursulina,NR,TKJ
1686721268342,Feliza,PN,Tata Boga
1686721268365,Marcelline,AF,Tata Boga
1686721268307,Evita,ID,Tata Boga
1686721268292,Hallie,SD,TKJ
1686721268319,Aurore,MU,Tata Boga
1686721268321,Sam,CD,TKJ
1686721268336,Carly,MR,Tata Boga
1686721268369,Malina,RW,Tata Boga
1686721268369,Philis,AW,Tata Boga
1686721268349,Joelly,SN,TKJ
1686721268330,Vonny,EH,TKJ
1686721268288,Odessa,AR,Tata Boga
1686721268320,Lexine,YE,Tata Boga
1686721268342,Jenda,VI,Tata Boga
1686721268300,Corly,PR,Tata Boga
1686721268285,Petronia,UA,TKJ
1686721268337,Madalyn,MQ,Tata Boga
1686721268297,Sashenka,PF,TKJ
1686721268381,Peri,MC,Tata Boga
1686721268335,Raf,VG,Tata Boga
1686721268368,Dorothy,MR,Tata Boga
1686721268314,Meghann,MZ,TKJ
1686721268348,Ottilie,LC,TKJ
1686721268358,Talya,LT,TKJ
1686721268336,Ethel,GI,TKJ
1686721268380,Tatiania,PG,TKJ
1686721268294,Roslyn,KY,Tata Boga
1686721268369,Courtnay,BD,Tata Boga
1686721268295,Livvyy,FJ,TKJ
1686721268317,Sherrie,BZ,Tata Boga
1686721268325,Heida,MO,TKJ
1686721268381,Kate,DE,TKJ
1686721268352,Lusa,SL,Tata Boga
1686721268301,Katuscha,DJ,Tata Boga
1686721268372,Ariela,AG,Tata Boga
1686721268319,Di,WS,Tata Boga
1686721268370,Brynna,HK,Tata Boga
1686721268284,Rayna,GT,TKJ
1686721268359,Mireielle,PN,Tata Boga
1686721268366,Ayn,NG,TKJ
1686721268311,Renie,MD,TKJ
1686721268357,Madeleine,BS,Tata Boga
1686721268346,Arabel,MD,Tata Boga
1686721268313,Mignon,DK,TKJ
1686721268311,Ilse,NC,Tata Boga
1686721268356,Chrystel,CN,Tata Boga
1686721268341,Ardenia,VE,Tata Boga
1686721268352,Vita,US,Tata Boga
1686721268344,Olivette,TN,TKJ
1686721268326,Jan,CK,TKJ
1686721268316,Lenna,TH,Tata Boga
1686721268327,June,VA,TKJ
1686721268308,Joceline,HR,Tata Boga
1686721268285,Mary,SY,Tata Boga
1686721268302,Elka,KW,Tata Boga
1686721268365,Brynna,TG,TKJ
1686721268339,Netty,BN,TKJ
1686721268291,Vanessa,JO,Tata Boga
1686721268361,Agnese,NU,TKJ
1686721268325,Wanda,HT,TKJ
1686721268316,Jillayne,YT,Tata Boga
1686721268327,Hannis,GS,Tata Boga
1686721268346,Blake,MG,Tata Boga
1686721268308,Sam,VG,TKJ
1686721268322,Vevay,AT,TKJ
1686721268301,Robbi,SC,Tata Boga
1686721268372,Libbie,CH,TKJ
1686721268345,Edee,VG,TKJ
1686721268301,Basia,MW,Tata Boga
1686721268360,Emilia,NA,TKJ
1686721268308,Dyann,TN,Tata Boga
1686721268295,Kelly,AS,Tata Boga
1686721268345,Malina,JM,TKJ
1686721268333,Esmeralda,KI,Tata Boga
1686721268288,Rayna,NI,TKJ
1686721268310,Johna,SG,TKJ
1686721268323,Ardys,KM,TKJ
1686721268357,Sarette,PG,TKJ
1686721268346,Orsola,BE,TKJ
1686721268286,Sara-Ann,NE,Tata Boga
1686721268313,Carly,MT,Tata Boga
1686721268303,Iseabal,NP,Tata Boga
1686721268326,Brietta,AM,Tata Boga
1686721268318,Madelle,CS,Tata Boga
1686721268297,Camile,ET,Tata Boga
1686721268327,Britte,BO,TKJ
1686721268374,Edee,TO,Tata Boga
1686721268292,Gaylene,IE,TKJ
1686721268302,Lynea,TN,Tata Boga
1686721268379,Hildegaard,LB,TKJ
1686721268362,Georgina,AD,Tata Boga
1686721268351,Dulcinea,TZ,Tata Boga
1686721268377,Cristabel,PS,Tata Boga
1686721268302,Doro,AD,TKJ
1686721268346,Melodie,US,TKJ
1686721268309,Korrie,CF,Tata Boga
1686721268303,Kore,PG,Tata Boga
1686721268379,Desirae,KN,Tata Boga
1686721268336,Beth,BH,TKJ
1686721268370,Chickie,NC,Tata Boga
1686721268356,Sheree,TR,Tata Boga
1686721268362,Phedra,SV,Tata Boga
1686721268301,Sallie,IS,Tata Boga
1686721268310,Merle,FR,Tata Boga
1686721268295,Dede,JE,TKJ
1686721268354,Ira,SV,Tata Boga
1686721268295,Penelopa,SG,Tata Boga
1686721268288,Nita,KN,Tata Boga
1686721268331,Blinni,TM,TKJ
1686721268330,Anthia,IO,Tata Boga
1686721268362,Max,BO,Tata Boga
1686721268366,Clarice,NP,Tata Boga
1686721268360,Celisse,WS,TKJ
1686721268354,Barbara,PA,TKJ
1686721268348,Sabina,HM,Tata Boga
1686721268317,Kathy,MH,Tata Boga
1686721268304,Jasmina,TD,Tata Boga
1686721268325,Violet,KM,TKJ
1686721268344,Winifred,PR,Tata Boga
1686721268348,Jenilee,MR,TKJ
1686721268374,Agnese,PL,TKJ
1686721268355,Dorthy,LY,TKJ
1686721268342,Elvira,GI,Tata Boga
1686721268381,Letizia,FJ,Tata Boga
1686721268361,Phedra,CR,TKJ
1686721268351,Florencia,SJ,TKJ
1686721268310,Dulcinea,TZ,TKJ
1686721268317,Donnie,GP,TKJ
1686721268320,Rivalee,LR,Tata Boga
1686721268358,Karly,LI,TKJ
1686721268366,Aeriela,MO,TKJ
1686721268349,Cyndie,PW,Tata Boga
1686721268363,Tori,PR,TKJ
1686721268338,Clarice,TG,TKJ
1686721268331,Dennie,CK,TKJ
1686721268306,Steffane,HU,TKJ
1686721268336,Sharai,KM,Tata Boga
1686721268309,Kenna,YE,TKJ
1686721268286,Annora,SZ,Tata Boga
1686721268342,Drucie,SB,Tata Boga
1686721268358,Andree,GM,Tata Boga
1686721268303,Konstance,NO,TKJ
1686721268355,Mariann,TF,TKJ
1686721268298,Elie,BI,Tata Boga
1686721268366,Rozele,NL,TKJ
1686721268378,Jerry,TZ,TKJ
1686721268313,Lizzie,SY,TKJ
1686721268288,Emylee,TC,TKJ
1686721268295,Catharine,SN,TKJ
1686721268382,Ellette,MA,Tata Boga
1686721268290,Misha,SA,Tata Boga
1686721268296,Amara,BM,TKJ
1686721268327,Dyann,MO,TKJ
1686721268298,Gui,MX,Tata Boga
1686721268306,Carolina,SZ,TKJ
1686721268341,Bobbi,TH,TKJ
1686721268381,Jackie,BD,TKJ
1686721268361,Brooks,MV,Tata Boga
1686721268349,Amalie,MN,Tata Boga
1686721268306,Jan,CD,TKJ
1686721268338,Janeczka,AF,TKJ
1686721268349,Jan,MG,Tata Boga
1686721268378,Fayre,AF,Tata Boga
1686721268318,Angelique,BI,TKJ
1686721268356,Alie,BA,TKJ
1686721268378,Laure,KY,TKJ
1686721268379,Misha,EH,Tata Boga
1686721268351,Deloria,JP,TKJ
1686721268311,Caressa,LK,TKJ
1686721268377,Corene,AX,TKJ
1686721268380,Maurene,BR,Tata Boga
1686721268379,Raquela,NR,TKJ
1686721268294,Marguerite,ID,Tata Boga
1686721268357,Shaylyn,SE,TKJ
1686721268293,Aili,PT,TKJ
1686721268346,Gwyneth,IS,TKJ
1686721268299,Sean,IL,Tata Boga
1686721268320,Berget,YT,Tata Boga
1686721268373,Carilyn,IT,TKJ
1686721268351,Jinny,SM,TKJ
1686721268328,Iseabal,SM,TKJ
1686721268381,Mahalia,UM,TKJ
1686721268288,Queenie,SC,TKJ
1686721268293,Goldie,JO,Tata Boga
1686721268334,Elena,PF,TKJ
1686721268354,Gisela,HM,TKJ
1686721268364,Tonia,JE,Tata Boga
1686721268344,Belva,AO,TKJ
1686721268321,Ardys,TR,Tata Boga
1686721268316,Pamella,NZ,Tata Boga
1686721268295,Celisse,CI,TKJ
1686721268310,Amii,CS,Tata Boga
1686721268334,Collen,MC,Tata Boga
1686721268313,Natka,KN,TKJ
1686721268298,Farrah,PA,Tata Boga
1686721268341,Lenna,CN,TKJ
1686721268360,Kirbee,FI,Tata Boga
1686721268340,Netty,ID,Tata Boga
1686721268313,Clarice,KW,Tata Boga
1686721268299,Rivalee,KY,TKJ
1686721268339,Steffane,KW,Tata Boga
1686721268343,Sara-Ann,VE,TKJ
1686721268316,Lisette,TJ,Tata Boga
1686721268370,Dagmar,YT,Tata Boga
1686721268296,Bernie,BI,TKJ
1686721268317,Collen,IO,TKJ
1686721268324,Blinni,BE,Tata Boga
1686721268373,Jessy,AN,Tata Boga
1686721268380,Jan,BD,TKJ
1686721268311,Carol-Jean,NC,Tata Boga
1686721268379,Daryl,SK,Tata Boga
1686721268320,Clarice,TM,Tata Boga
1686721268307,Elie,RW,TKJ
1686721268380,Ebonee,VU,Tata Boga
1686721268339,Doro,GQ,TKJ
1686721268296,Rosanne,TD,TKJ
1686721268324,Allis,FR,TKJ
1686721268318,Raf,NF,TKJ
1686721268380,Misha,MA,Tata Boga
1686721268295,Annora,BF,Tata Boga
1686721268323,Mignon,CY,TKJ
1686721268316,Berta,GI,TKJ
1686721268284,Drucie,AD,Tata Boga
1686721268286,Doro,LT,TKJ
1686721268291,Feliza,PT,TKJ
1686721268378,Katuscha,AW,Tata Boga
1686721268299,Caryl,CV,Tata Boga
1686721268347,Ruthe,MW,Tata Boga
1686721268326,Mariele,VU,TKJ
1686721268291,Theodora,PS,TKJ
1686721268310,Aigneis,PL,Tata Boga
1686721268318,Lenna,PG,TKJ
1686721268333,Barbara,IM,Tata Boga
1686721268361,Lynde,KH,Tata Boga
1686721268331,Gianina,SY,Tata Boga
1686721268365,Flo,IE,TKJ
1686721268284,Belinda,CK,TKJ
1686721268319,Concettina,CM,TKJ
1686721268307,Joane,GU,Tata Boga
1686721268358,Lacie,IT,TKJ
1686721268329,Bibby,TH,TKJ
1686721268381,Xylina,KG,TKJ
1686721268377,Jacquetta,LK,TKJ
1686721268382,Courtnay,VE,TKJ
1686721268312,Deedee,MQ,TKJ
1686721268357,Katuscha,DE,TKJ
1686721268358,Meg,PA,TKJ
1686721268287,Anallese,ID,Tata Boga
1686721268326,Merle,NI,TKJ
1686721268359,Trudie,NO,TKJ
1686721268372,Ebonee,MG,TKJ
1686721268350,Valera,IT,TKJ
1686721268307,Winny,PG,Tata Boga
1686721268308,Harmonia,ZW,TKJ
1686721268297,Flo,VA,TKJ
1686721268350,Livvyy,KP,Tata Boga
1686721268372,Bobinette,DZ,TKJ
1686721268351,Elena,BT,TKJ
1686721268301,Correy,VI,TKJ
1686721268326,Fredericka,PW,Tata Boga
1686721268340,Mariann,CH,Tata Boga
1686721268370,Sam,BM,TKJ
1686721268374,Lacie,FR,TKJ
1686721268315,Farrah,IT,TKJ
1686721268305,Linzy,NO,Tata Boga
1686721268340,Nananne,CH,TKJ
1686721268316,Viviene,TD,TKJ
1686721268366,Brana,CG,TKJ
1686721268381,Goldie,PR,Tata Boga
1686721268338,Lisette,CF,Tata Boga
1686721268302,Tami,TR,TKJ
1686721268298,Fayre,ES,Tata Boga
1686721268321,Aili,BO,Tata Boga
1686721268333,Glenda,IE,Tata Boga
1686721268303,Jillayne,JM,Tata Boga
1686721268326,Margette,NR,Tata Boga
1686721268363,Sadie,IS,Tata Boga
1686721268307,Damaris,CH,Tata Boga
1686721268296,Lenna,MP,TKJ
1686721268340,Lulita,GE,Tata Boga
1686721268302,Lanae,MQ,TKJ
1686721268318,Mamie,PT,Tata Boga
1686721268312,Adore,BW,Tata Boga
1686721268355,Jessy,TH,Tata Boga
1686721268293,Allyce,MN,TKJ
1686721268342,Katuscha,EH,Tata Boga
1686721268354,Georgina,JO,Tata Boga
1686721268372,Therine,CF,Tata Boga
1686721268377,Nonnah,HT,TKJ
1686721268295,Jany,MT,Tata Boga
1686721268284,Oralee,BE,Tata Boga
1686721268367,Demetris,JE,Tata Boga
1686721268373,Thalia,SC,TKJ
1686721268316,Janis,IE,Tata Boga
1686721268355,Corry,SL,TKJ
1686721268290,Daune,SA,TKJ
1686721268331,Dennie,GE,Tata Boga
1686721268365,Bernardine,GP,TKJ
1686721268322,Averyl,MN,Tata Boga
1686721268292,Jacquetta,PL,Tata Boga
1686721268308,Pierette,TG,TKJ
1686721268289,Kaia,SN,Tata Boga
1686721268301,Nataline,TN,TKJ
1686721268322,Jennica,BR,TKJ
1686721268311,Dulcinea,TL,TKJ
1686721268361,Lindie,TV,TKJ
1686721268290,Sue,IS,Tata Boga
1686721268376,Molli,NR,Tata Boga
1686721268294,Elsie,KW,TKJ
1686721268298,Karolina,AR,TKJ
1686721268312,Lilith,GW,TKJ
1686721268284,Tatiania,PH,TKJ
1686721268288,Phedra,LR,TKJ
1686721268305,Danny,BN,TKJ
1686721268366,Shaylyn,KR,TKJ
1686721268346,Alex,IR,TKJ
1686721268359,Marsiella,BN,TKJ
1686721268329,Raquela,TF,TKJ
1686721268297,Raquela,CI,TKJ
1686721268300,Anallese,VU,Tata Boga
1686721268339,Lenna,FO,Tata Boga
1686721268356,Kelly,EG,TKJ
1686721268286,Hyacinthe,JE,TKJ
1686721268307,Babita,KY,Tata Boga
1686721268286,Fredericka,PN,TKJ
1686721268364,Jenilee,AM,TKJ
1686721268373,Harmonia,LT,TKJ
1686721268331,Lolita,NL,TKJ
1686721268382,Sheelagh,CS,Tata Boga
1686721268346,Lilith,JP,Tata Boga
1686721268309,Neila,AL,TKJ
1686721268298,Aeriela,GP,Tata Boga
1686721268334,Fina,NC,Tata Boga
1686721268371,Theodora,SB,Tata Boga
1686721268319,Jean,IQ,TKJ
1686721268370,Aimil,AI,Tata Boga
1686721268306,Alleen,SG,TKJ
1686721268382,Siana,RE,Tata Boga
1686721268359,Fanny,JO,Tata Boga
1686721268298,Feliza,GA,Tata Boga
1686721268343,Phylis,AF,Tata Boga
1686721268380,Meriel,CV,Tata Boga
1686721268307,Esmeralda,GI,Tata Boga
1686721268312,Krystle,LI,TKJ
1686721268310,Shaine,EG,Tata Boga
1686721268318,Ardenia,LS,Tata Boga
1686721268369,Cindelyn,GB,TKJ
1686721268326,Clary,NI,Tata Boga
1686721268290,Deirdre,FO,Tata Boga
1686721268366,Amelia,BB,TKJ
1686721268297,Charissa,TD,TKJ
1686721268311,Constance,CH,TKJ
1686721268377,Fred,PA,TKJ
1686721268352,Britte,UZ,Tata Boga
1686721268315,Albertina,DE,TKJ
1686721268311,Latisha,AT,Tata Boga
1686721268370,Jessamyn,CK,TKJ
1686721268382,Evaleen,VN,Tata Boga
1686721268372,Ira,SY,TKJ
1686721268366,Bill,PF,TKJ
1686721268331,Jordan,GR,TKJ
1686721268313,Wilma,PK,TKJ
1686721268366,Gertrud,BE,TKJ
1686721268298,Tersina,SV,TKJ
1686721268364,Ermengarde,KH,Tata Boga
1686721268337,Gusella,FJ,TKJ
1686721268382,Gui,FM,TKJ
1686721268300,Myrtice,CU,TKJ
1686721268299,Debee,LV,TKJ
1686721268322,Ann-Marie,AT,TKJ
1686721268315,Jasmina,WF,Tata Boga
1686721268369,Agathe,TF,TKJ
1686721268291,Jackie,BD,Tata Boga
1686721268307,Clarice,PG,TKJ
1686721268325,Doralynne,BJ,Tata Boga
1686721268329,Pierette,US,TKJ
1686721268338,Gwyneth,ET,Tata Boga
1686721268377,Cassondra,SZ,TKJ
1686721268305,Charlena,TN,TKJ
1686721268317,Joelly,JO,TKJ
1686721268338,Annora,MO,TKJ
1686721268308,Clarice,GD,Tata Boga
1686721268290,Vita,AF,TKJ
1686721268382,Annice,SE,TKJ
1686721268331,Jacenta,DO,Tata Boga
1686721268329,Fayre,NG,Tata Boga
1686721268350,Heida,SJ,Tata Boga
1686721268297,Gwenneth,PN,Tata Boga
1686721268325,Tonia,PY,TKJ
1686721268344,Yetty,EG,Tata Boga
1686721268318,Karolina,TL,TKJ
1686721268290,Cathie,JE,TKJ
1686721268300,Dotty,CU,TKJ
1686721268303,Dede,NP,Tata Boga
1686721268356,Arlena,LC,Tata Boga
1686721268285,Sharai,MY,Tata Boga
1686721268306,Stacey,MZ,Tata Boga
1686721268312,Sibella,GI,TKJ
1686721268340,Lelah,ID,Tata Boga
1686721268356,Layla,DE,TKJ
1686721268311,Harrietta,KE,Tata Boga
1686721268330,Mariann,MO,Tata Boga
1686721268375,Aili,BY,Tata Boga
1686721268379,Liana,IN,TKJ
1686721268298,Genovera,LK,Tata Boga
1686721268347,Molli,EG,Tata Boga
1686721268360,Keelia,GS,Tata Boga
1686721268376,Belva,KP,Tata Boga
1686721268378,Maye,CG,TKJ
1686721268354,Marline,IR,TKJ
1686721268366,Audrie,HT,TKJ
1686721268307,Ruthe,TN,Tata Boga
1686721268338,Tiffie,GD,Tata Boga
1686721268326,Evita,TR,TKJ
1686721268299,Emilia,ES,Tata Boga
1686721268316,Damaris,AZ,Tata Boga
1686721268345,Silvana,SL,TKJ
1686721268320,Viviene,FO,TKJ
1686721268329,Genovera,MQ,TKJ
1686721268318,Daphne,BO,TKJ
1686721268294,Deloria,ET,Tata Boga
1686721268327,Ethel,HR,TKJ
1686721268336,Renae,SY,TKJ
1686721268349,Farrah,BF,TKJ
1686721268296,Di,EG,TKJ
1686721268329,Marinna,MM,TKJ
1686721268292,Natka,CC,TKJ
1686721268344,Joleen,CR,TKJ
1686721268330,Rozele,CG,Tata Boga
1686721268306,Dianemarie,SE,Tata Boga
1686721268365,Vanessa,GH,TKJ
1686721268368,Cassandra,NG,Tata Boga
1686721268381,Moyna,JM,Tata Boga
1686721268352,Iseabal,HU,TKJ
1686721268316,Olivette,ML,TKJ
1686721268325,Rayna,TV,TKJ
1686721268302,Chrystel,BA,Tata Boga
1686721268289,Althea,DJ,Tata Boga
1686721268324,Flo,VN,TKJ
1686721268359,Aubrie,UA,Tata Boga
1686721268355,Vere,BN,TKJ
1686721268338,Kathy,AD,Tata Boga
1686721268305,Natka,BN,Tata Boga
1686721268308,Jenilee,ES,Tata Boga
1686721268376,Fernande,VG,TKJ
1686721268302,Carolina,FJ,TKJ
1686721268311,Adriana,CD,TKJ
1686721268352,Ingrid,KH,Tata Boga
1686721268335,Sashenka,SE,TKJ
1686721268362,Drucie,KI,Tata Boga
1686721268380,Fayre,ID,Tata Boga
1686721268313,Peri,IE,Tata Boga
1686721268377,Kathy,GM,Tata Boga
1686721268285,Dyann,ZW,TKJ
1686721268369,Claresta,LA,TKJ
1686721268298,Kayla,VI,TKJ
1686721268336,Katleen,KI,Tata Boga
1686721268316,Katuscha,HR,Tata Boga
1686721268304,Rayna,UY,Tata Boga
1686721268297,Ottilie,CS,Tata Boga
1686721268334,Sindee,RU,TKJ
1686721268368,Hope,PG,Tata Boga
1686721268330,Ginnie,UA,TKJ
1686721268362,Ricky,LI,Tata Boga
1686721268319,Pamella,NL,TKJ
1686721268311,Nessie,IS,Tata Boga
1686721268308,Josephine,YT,Tata Boga
1686721268294,Janis,BO,TKJ
1686721268360,Betta,KW,TKJ
1686721268372,Corly,TF,TKJ
1686721268324,Chandra,CZ,TKJ
1686721268322,Maurene,LU,TKJ
1686721268342,Theodora,GE,Tata Boga
1686721268293,Deedee,CL,Tata Boga
1686721268319,Drucie,PH,TKJ
1686721268303,Lusa,RW,Tata Boga
1686721268366,Almeta,BH,TKJ
1686721268326,Sherrie,IN,Tata Boga
1686721268321,Phedra,YT,TKJ
1686721268343,Letizia,HM,TKJ
1686721268324,Edith,FM,TKJ
1686721268362,Jasmina,LU,Tata Boga
1686721268372,Chloris,ZW,TKJ
1686721268366,Dianemarie,SY,TKJ
1686721268334,Wendi,TO,TKJ
1686721268372,Cristine,SB,Tata Boga
1686721268300,Arabel,CU,Tata Boga
1686721268323,Elka,CO,Tata Boga
1686721268366,Silvana,NE,TKJ
1686721268341,Kristan,MQ,TKJ
1686721268377,Orsola,VC,Tata Boga
1686721268305,Rosabelle,GA,Tata Boga
1686721268354,Sara-Ann,SE,Tata Boga
1686721268310,Lynea,GS,TKJ
1686721268320,Zondra,GL,TKJ
1686721268295,Frieda,EH,Tata Boga
1686721268375,Jennica,TC,Tata Boga
1686721268285,Paulita,MD,Tata Boga
1686721268352,Sue,MZ,TKJ
1686721268355,Tami,DO,TKJ
1686721268312,Harmonia,SB,Tata Boga
1686721268289,Kellen,SE,TKJ
1686721268329,Tami,FI,TKJ
1686721268309,Jorry,ID,Tata Boga
1686721268342,Noelle,MX,TKJ
1686721268318,Karena,DK,TKJ
1686721268333,Yetty,BM,TKJ
1686721268339,Kalina,GF,TKJ
1686721268324,Meg,CZ,TKJ
1686721268307,Annaliese,BF,TKJ
1686721268344,Lory,TD,TKJ
1686721268364,Karolina,LI,Tata Boga
1686721268371,Alyda,MZ,TKJ
1686721268315,Magdalena,ZM,Tata Boga
1686721268335,Bee,SE,TKJ
1686721268371,Katuscha,AD,TKJ
1686721268333,Reeba,MG,TKJ
1686721268323,Danika,EE,Tata Boga
1686721268339,Anestassia,PF,Tata Boga
1686721268350,Lexine,CL,TKJ
1686721268330,Valera,TJ,Tata Boga
1686721268336,Claresta,DM,Tata Boga
1686721268352,Ottilie,MS,TKJ
1686721268365,Eadie,CZ,Tata Boga
1686721268352,Sheelagh,NP,Tata Boga
1686721268340,Ingrid,CH,TKJ